model,seed,train_seconds,rmse,mae,r2
RandomForest,42,7.931351000035647,15.312330354849587,10.784898198286786,0.5244900980385259
LightGBM,42,8.439909400010947,14.562918465817742,9.771747223592204,0.5698956641114599
MLP_PyTorch,42,34.901768600044306,16.899847880925954,11.201211929321289,0.42078131437301636
RandomForest,7,8.323979900043923,15.274968590953073,10.759861558909051,0.5268077354038426
LightGBM,7,9.842616299982183,14.498731723706868,9.668695402731332,0.5736787185303811
MLP_PyTorch,7,17.358134200039785,17.15121258155172,11.748592376708984,0.4034227728843689
RandomForest,13,8.301381200028118,15.288449778184827,10.76315758827706,0.5259721188182738
LightGBM,13,8.576624799985439,14.526174648950919,9.726052387445135,0.5720633254629656
MLP_PyTorch,13,21.94146170001477,16.997197537273426,11.56899642944336,0.4140889644622803
